id;code;name;phone;email;address;latitude;longitude;active;notes;tenant_id
1;adversaire en dépit de circulaire;membre à vie parce que bien;+33 283809127;Oceane_Marchal@gmail.com;../fake-data/blob/hipster.txt;6282.37;26484.03;true;../fake-data/blob/hipster.txt;1
2;moderne affable;derrière moyennant altruiste;+33 278630055;Agnes.Louis@hotmail.fr;../fake-data/blob/hipster.txt;6709.85;16575.58;true;../fake-data/blob/hipster.txt;2
3;où;apparemment jusque;+33 357680420;Mathurin.Charles@hotmail.fr;../fake-data/blob/hipster.txt;11272.15;22517.01;false;../fake-data/blob/hipster.txt;3
4;glouglou ainsi ouille;conseil municipal beaucoup;+33 707514957;Bohemond48@gmail.com;../fake-data/blob/hipster.txt;17288.63;30675.53;false;../fake-data/blob/hipster.txt;4
5;vanter à l'exception de;cyan pschitt orange;+33 637202083;Michael_Leroux@hotmail.fr;../fake-data/blob/hipster.txt;29734.59;1498.71;false;../fake-data/blob/hipster.txt;5
6;de la part de avex contre;vlan tantôt;0694270358;Debora.Collet17@yahoo.fr;../fake-data/blob/hipster.txt;17041.97;15188.81;true;../fake-data/blob/hipster.txt;6
7;assez;tchou tchouu;0508442893;Leopoldine_Julien49@hotmail.fr;../fake-data/blob/hipster.txt;19726.93;22356.85;true;../fake-data/blob/hipster.txt;7
8;prout ouch électorat;du moment que de façon à ce que;0562015300;Anicet55@gmail.com;../fake-data/blob/hipster.txt;32034.81;20194.5;true;../fake-data/blob/hipster.txt;8
9;cuicui recevoir;émérite meuh manger;+33 451557024;Elise_Brunet@yahoo.fr;../fake-data/blob/hipster.txt;11106.75;3834.71;true;../fake-data/blob/hipster.txt;9
10;intégrer miaou à condition que;touriste;+33 175540351;Athalie73@hotmail.fr;../fake-data/blob/hipster.txt;30660.95;27650.93;false;../fake-data/blob/hipster.txt;10
