id;code;name;phone;email;license_number;active;tenant_id
1;hier volontiers;sans vu que;+33 140338890;Apolline50@hotmail.fr;camarade déranger;false;1
2;brave magenta;parce que prévaloir accélérer;0607429351;Alberic93@yahoo.fr;moins;false;2
3;personnel puisque pa;boum insipide bof;0490481768;Aurelle_Clement44@yahoo.fr;vroum derrière;false;3
4;paf outre d'avec;coupable sitôt;0268003385;Valery55@hotmail.fr;tant que;true;4
5;actionnaire;afin que;0147268645;Aymardine.Roger67@gmail.com;revêtir diablement divinement;false;5
6;parlementaire en;signaler;+33 740390057;Alphonsine12@yahoo.fr;soudain tranquille spécialiste;true;6
7;vivace envahir;électorat;+33 240316292;Martine_Vasseur@hotmail.fr;en outre de près de;true;7
8;vouh;placide prestataire de services;+33 481630690;Xavier_Nguyen@yahoo.fr;troubler;true;8
9;ha trembler y;hors de sale;+33 164739975;Amalthee69@hotmail.fr;juger;false;9
10;prestataire de servi;moyennant psitt;+33 606456267;Pascal93@gmail.com;jeune enfant de manière à ce que;false;10
