id;code;name;address;phone;active;tenant_id
1;trop;administration après que caresser;../fake-data/blob/hipster.txt;0149667876;false;1
2;chef;présidence smack membre de l’équipe;../fake-data/blob/hipster.txt;+33 694092507;true;2
3;coac coac lentement ;membre de l’équipe;../fake-data/blob/hipster.txt;0601260544;false;3
4;commissionnaire part;membre à vie d'après ensuite;../fake-data/blob/hipster.txt;0715909286;false;4
5;tant à l'insu de à s;bè tant coac coac;../fake-data/blob/hipster.txt;+33 292345481;false;5
6;vorace ouf personnel;puis;../fake-data/blob/hipster.txt;0308882494;false;6
7;déplacer tchou tchou;ensuite;../fake-data/blob/hipster.txt;0242599658;true;7
8;effacer maigre afin ;obéir gestionnaire;../fake-data/blob/hipster.txt;+33 407886436;false;8
9;extra céans sauvage;électorat population du Québec rapide;../fake-data/blob/hipster.txt;0100811033;false;9
10;sitôt que gravir suf;de façon que en outre de;../fake-data/blob/hipster.txt;0197111452;false;10
