id;code;name;email;phone;address;logo_url;active
1;sus;rassurer;Moise42@hotmail.fr;0175314463;../fake-data/blob/hipster.txt;placide;false
2;chef à condition que;par lectorat;Pierre_Brunet94@hotmail.fr;+33 513794675;../fake-data/blob/hipster.txt;délectable en aussitôt;true
3;extatique;très si habile;Arthur99@gmail.com;0512897607;../fake-data/blob/hipster.txt;juriste électorat;true
4;assez grrr toc;jeune résigner clientèle;Yoann89@hotmail.fr;+33 110186092;../fake-data/blob/hipster.txt;magnifique au-dessus dans la mesure où;true
5;à partir de;souvenir;Firmin59@hotmail.fr;0205218186;../fake-data/blob/hipster.txt;blablabla si bien que jamais;false
6;secouriste miaou;sitôt que;Isabelle.Marie@hotmail.fr;0562274440;../fake-data/blob/hipster.txt;pourpre de crainte que;false
7;plouf;contre;Innocent70@gmail.com;+33 512657557;../fake-data/blob/hipster.txt;lancer soudain;false
8;apprécier;mairie de sorte que remarquer;Clovis.Renault70@gmail.com;+33 756412517;../fake-data/blob/hipster.txt;à peine novice;false
9;grâce à alors;alentour biathlète avant que;Aube.Noel90@yahoo.fr;+33 662225787;../fake-data/blob/hipster.txt;là-haut lectorat;false
10;quitte à;ding extra dévoiler;Felix.Gautier@gmail.com;+33 184843195;../fake-data/blob/hipster.txt;tsoin-tsoin personnel professionnel;false
